text,category
Politics news about elections,Politics
Latest tech trends in 2022,Technology
Sports update: Football world cup,Sports
Artificial Intelligence,Technology
Election results are out,Politics
New developments in renewable energy technology,Technology
Space exploration: Mars mission updates,Science
Healthcare advancements in medical robotics,Health
Financial markets: Stock market performance analysis,Finance
Climate change initiatives and global agreements,Environment
Entertainment industry: Box office hits and upcoming releases,Entertainment
Scientific breakthroughs in gene editing technology,Science
Education sector reforms and innovations,Education
Business strategies for digital transformation,Business
Cultural events and festivals around the world,Culture
Recent diplomatic relations between nations,Politics
Fashion industry trends and designer showcases,Fashion
Updates on global humanitarian efforts,Humanitarian
Travel destinations for eco-friendly tourism,Travel
Advancements in augmented reality technology,Technology
Culinary innovations and food festivals,Food
Latest developments in quantum computing,Technology
Fitness and wellness trends for a healthier lifestyle,Health
Exploration of underwater ecosystems,Environment
Innovations in urban planning and sustainable architecture,Architecture
Trends in social media marketing,Technology
International relations and geopolitical developments,Politics
Cutting-edge research in nanotechnology,Science
Advancements in medical imaging technology,Health
Analysis of economic indicators and forecasts,Finance
Global efforts to combat deforestation,Environment
Hollywood blockbuster movies and box office records,Entertainment
Innovations in robotics and automation,Technology
Innovative approaches to education and learning,Education
Strategies for small business growth and entrepreneurship,Business
Celebration of cultural diversity and heritage,Culture
Diplomatic negotiations and peace agreements,Politics
Fashion shows and runway collections,Fashion
Emergency aid and disaster relief efforts,Humanitarian
Top tourist attractions and travel destinations,Travel
Virtual reality applications and gaming experiences,Technology
Exploration of marine biodiversity and conservation efforts,Environment
Architectural designs for sustainable urban development,Architecture
Emerging trends in data science and analytics,Technology
Domestic policies and governance reforms,Politics
Breakthroughs in biotechnology and bioengineering,Science
Advancements in telemedicine and remote healthcare,Health
Global financial markets and investment strategies,Finance
Renewable energy sources and green technology solutions,Environment
Latest movie releases and film industry news,Entertainment
Innovations in artificial intelligence and machine learning,Technology
Revolutionary changes in educational technology,Education
Success stories of startups and innovative businesses,Business
Festivals celebrating art music and performance,Entertainment
